solver,puzzle,depth,seed,solved,timedOut,length,timeMs,nodes,peakMemory
kociemba,3x3,5,73,true,false,6,3,6,32
kociemba,3x3,5,1082,true,false,5,0,5,32
kociemba,3x3,5,2091,true,false,6,1,6,24
kociemba,3x3,5,3100,true,false,16,32,1435,88
kociemba,3x3,5,4109,true,false,6,0,6,40
kociemba,3x3,5,5118,true,false,5,0,5,40
kociemba,3x3,5,6127,true,false,6,0,6,40
kociemba,3x3,5,7136,true,false,5,0,5,32
kociemba,3x3,5,8145,true,false,5,1,5,40
kociemba,3x3,5,9154,true,false,5,0,5,32
kociemba,3x3,5,10163,true,false,6,0,6,32
kociemba,3x3,5,11172,true,false,5,0,5,32
kociemba,3x3,5,12181,true,false,5,1,5,40
kociemba,3x3,5,13190,true,false,6,0,6,24
kociemba,3x3,5,14199,true,false,6,0,6,32
kociemba,3x3,5,15208,true,false,5,0,5,40
kociemba,3x3,5,16217,true,false,5,1,5,32
kociemba,3x3,5,17226,true,false,6,0,6,32
kociemba,3x3,5,18235,true,false,6,0,6,32
kociemba,3x3,5,19244,true,false,6,1,6,32
kociemba,3x3,5,20253,true,false,6,0,6,24
kociemba,3x3,5,21262,true,false,13,0,131,64
kociemba,3x3,5,22271,true,false,5,0,5,24
kociemba,3x3,5,23280,true,false,5,0,5,24
kociemba,3x3,5,24289,true,false,5,0,5,32
kociemba,3x3,5,25298,true,false,6,0,6,40
kociemba,3x3,5,26307,true,false,5,0,5,24
kociemba,3x3,5,27316,true,false,16,31,4415,88
kociemba,3x3,5,28325,true,false,5,0,5,32
kociemba,3x3,5,29334,true,false,6,0,6,40
kociemba,3x3,8,73,true,false,20,10,1653,104
kociemba,3x3,8,1082,true,false,8,0,8,32
kociemba,3x3,8,2091,true,false,9,0,9,48
kociemba,3x3,8,3100,true,false,14,0,41,72
kociemba,3x3,8,4109,true,false,9,1,11,64
kociemba,3x3,8,5118,true,false,8,0,93,64
kociemba,3x3,8,6127,true,false,9,1,75,64
kociemba,3x3,8,7136,true,false,8,0,8,56
kociemba,3x3,8,8145,true,false,8,0,28,64
kociemba,3x3,8,9154,true,false,8,1,8,32
kociemba,3x3,8,10163,true,false,9,0,16,56
kociemba,3x3,8,11172,true,false,8,0,16,56
kociemba,3x3,8,12181,true,false,8,1,65,64
kociemba,3x3,8,13190,true,false,9,0,12,48
kociemba,3x3,8,14199,true,false,9,0,11,56
kociemba,3x3,8,15208,true,false,8,0,8,56
kociemba,3x3,8,16217,true,false,8,0,25,56
kociemba,3x3,8,17226,true,false,9,0,9,40
kociemba,3x3,8,18235,true,false,9,1,59,56
kociemba,3x3,8,19244,true,false,9,0,36,56
kociemba,3x3,8,20253,true,false,14,5,739,72
kociemba,3x3,8,21262,true,false,16,0,146,64
kociemba,3x3,8,22271,true,false,8,0,8,40
kociemba,3x3,8,23280,true,false,8,0,8,48
kociemba,3x3,8,24289,true,false,8,0,12,56
kociemba,3x3,8,25298,true,false,9,0,16,64
kociemba,3x3,8,26307,true,false,12,0,14,56
kociemba,3x3,8,27316,true,false,16,5,1021,80
kociemba,3x3,8,28325,true,false,8,0,9,56
kociemba,3x3,8,29334,true,false,9,1,28,64
kociemba,3x3,11,104,true,false,21,23,2852,88
kociemba,3x3,11,1113,true,false,21,19,2225,96
kociemba,3x3,11,2122,true,false,15,7,420,72
kociemba,3x3,11,3131,true,false,10,1,171,64
kociemba,3x3,11,4140,true,false,25,117,20214,120
kociemba,3x3,11,5149,true,false,20,8,1291,88
kociemba,3x3,11,6158,true,false,23,4,634,104
kociemba,3x3,11,7167,true,false,22,78,13293,104
kociemba,3x3,11,8176,true,false,21,129,24133,112
kociemba,3x3,11,9185,true,false,20,30,3095,104
kociemba,3x3,11,10194,true,false,18,10,831,72
kociemba,3x3,11,11203,true,false,23,166,25719,112
kociemba,3x3,11,12212,true,false,23,76,9797,104
kociemba,3x3,11,13221,true,false,20,10,1649,88
kociemba,3x3,11,14230,true,false,22,56,9482,104
kociemba,3x3,11,15239,true,false,19,138,15915,96
kociemba,3x3,11,16248,true,false,22,607,54923,104
kociemba,3x3,11,17257,true,false,17,8,1278,80
kociemba,3x3,11,18266,true,false,15,3,347,72
kociemba,3x3,11,19275,true,false,23,157,14808,112
kociemba,3x3,11,20284,true,false,23,57,4043,104
kociemba,3x3,11,21293,true,false,22,543,47787,104
kociemba,3x3,11,22302,true,false,23,62,6280,104
kociemba,3x3,11,23311,true,false,18,23,2269,80
kociemba,3x3,11,24320,true,false,25,1290,170464,128
kociemba,3x3,11,25329,true,false,23,1426,135447,112
kociemba,3x3,11,26338,true,false,24,220,32082,112
kociemba,3x3,11,27347,true,false,16,1,117,88
kociemba,3x3,11,28356,true,false,22,48,7203,104
kociemba,3x3,11,29365,true,false,20,58,9124,104
kociemba,3x3,15,104,true,false,22,58,9660,104
kociemba,3x3,15,1113,true,false,24,111,16932,112
kociemba,3x3,15,2122,true,false,24,93,12255,112
kociemba,3x3,15,3131,true,false,24,596,59501,120
kociemba,3x3,15,4140,true,false,24,420,54190,112
kociemba,3x3,15,5149,true,false,24,1616,169690,120
kociemba,3x3,15,6158,true,false,24,546,74808,104
kociemba,3x3,15,7167,true,false,21,95,16110,112
kociemba,3x3,15,8176,true,false,21,48,5840,96
kociemba,3x3,15,9185,true,false,23,279,24156,104
kociemba,3x3,15,10194,true,false,23,259,35491,112
kociemba,3x3,15,11203,true,false,23,28,4203,112
kociemba,3x3,15,12212,true,false,23,119,16425,104
kociemba,3x3,15,13221,true,false,21,75,5131,104
kociemba,3x3,15,14230,true,false,23,219,19989,112
kociemba,3x3,15,15239,true,false,23,68,4689,104
kociemba,3x3,15,16248,true,false,24,1069,137906,120
kociemba,3x3,15,17257,true,false,20,40,5780,96
kociemba,3x3,15,18266,true,false,25,1336,114758,120
kociemba,3x3,15,19275,true,false,24,564,43007,120
kociemba,3x3,15,20284,true,false,22,84,8468,104
kociemba,3x3,15,21293,true,false,21,378,49409,104
kociemba,3x3,15,22302,true,false,25,424,44877,120
kociemba,3x3,15,23311,true,false,23,4142,252130,112
kociemba,3x3,15,24320,true,false,24,270,31164,112
kociemba,3x3,15,25329,true,false,23,212,17132,112
kociemba,3x3,15,26338,true,false,24,160,22002,112
kociemba,3x3,15,27347,true,false,20,60,7681,104
kociemba,3x3,15,28356,true,false,22,6,577,104
kociemba,3x3,15,29365,true,false,21,66,9446,104
kociemba,3x3,20,104,true,false,23,572,84457,112
kociemba,3x3,20,1113,true,false,25,1120,132933,120
kociemba,3x3,20,2122,true,false,24,704,76815,120
kociemba,3x3,20,3131,true,false,25,878,90232,120
kociemba,3x3,20,4140,true,false,23,117,10833,104
kociemba,3x3,20,5149,true,false,22,26,3148,96
kociemba,3x3,20,6158,true,false,24,73,7890,112
kociemba,3x3,20,7167,true,false,22,244,23922,104
kociemba,3x3,20,8176,true,false,24,611,81659,112
kociemba,3x3,20,9185,true,false,23,171,19415,112
kociemba,3x3,20,10194,true,false,21,15,1396,96
kociemba,3x3,20,11203,true,false,24,1805,232049,120
kociemba,3x3,20,12212,true,false,21,50,5895,96
kociemba,3x3,20,13221,true,false,23,100,11412,104
kociemba,3x3,20,14230,true,false,22,119,16526,104
kociemba,3x3,20,15239,true,false,24,119,11249,104
kociemba,3x3,20,16248,true,false,25,794,84353,120
kociemba,3x3,20,17257,true,false,23,87,5298,112
kociemba,3x3,20,18266,true,false,23,316,26436,112
kociemba,3x3,20,19275,true,false,22,309,33928,112
kociemba,3x3,20,20284,true,false,25,1595,177225,128
kociemba,3x3,20,21293,true,false,22,52,7231,104
kociemba,3x3,20,22302,true,false,24,288,40703,112
kociemba,3x3,20,23311,true,false,23,87,15041,104
kociemba,3x3,20,24320,true,false,24,88,13409,112
kociemba,3x3,20,25329,true,false,24,699,87609,120
kociemba,3x3,20,26338,true,false,23,258,31047,104
kociemba,3x3,20,27347,true,false,22,217,35531,112
kociemba,3x3,20,28356,true,false,19,4,772,96
kociemba,3x3,20,29365,true,false,23,107,19381,104
kociemba,3x3,random,228,true,false,24,191,32164,112
kociemba,3x3,random,1237,true,false,22,47,8406,104
kociemba,3x3,random,2246,true,false,23,618,75526,112
kociemba,3x3,random,3255,true,false,21,56,8044,96
kociemba,3x3,random,4264,true,false,23,140,16106,104
kociemba,3x3,random,5273,true,false,25,1010,61401,120
kociemba,3x3,random,6282,true,false,24,98,9518,112
kociemba,3x3,random,7291,false,true,-1,11255,1000014,64
kociemba,3x3,random,8300,true,false,25,1007,101742,120
kociemba,3x3,random,9309,true,false,24,4174,264290,120
kociemba,3x3,random,10318,true,false,23,305,18000,104
kociemba,3x3,random,11327,true,false,24,759,60644,112
kociemba,3x3,random,12336,true,false,21,19,2059,104
kociemba,3x3,random,13345,true,false,20,7,738,88
kociemba,3x3,random,14354,true,false,20,17,651,88
kociemba,3x3,random,15363,true,false,24,2282,203607,120
kociemba,3x3,random,16372,true,false,23,40,5297,112
kociemba,3x3,random,17381,true,false,22,90,9573,104
kociemba,3x3,random,18390,true,false,24,122,10650,112
kociemba,3x3,random,19399,true,false,24,69,6847,112
kociemba,3x3,random,20408,true,false,21,11,768,96
kociemba,3x3,random,21417,true,false,23,176,17254,112
kociemba,3x3,random,22426,true,false,23,331,31919,104
kociemba,3x3,random,23435,true,false,24,41,6423,112
kociemba,3x3,random,24444,true,false,25,1015,100502,120
kociemba,3x3,random,25453,true,false,24,240,25484,112
kociemba,3x3,random,26462,true,false,22,63,7844,104
kociemba,3x3,random,27471,true,false,25,246,22425,120
kociemba,3x3,random,28480,true,false,24,64,5977,112
kociemba,3x3,random,29489,true,false,23,276,31243,104
thistlethwaite,3x3,5,73,true,false,23,131,17119,2052293
thistlethwaite,3x3,5,1082,true,false,5,0,5,2052293
thistlethwaite,3x3,5,2091,true,false,22,135,19404,2052293
thistlethwaite,3x3,5,3100,true,false,16,10,1435,2052293
thistlethwaite,3x3,5,4109,true,false,23,9,1364,2052293
thistlethwaite,3x3,5,5118,true,false,5,0,5,2052293
thistlethwaite,3x3,5,6127,true,false,6,0,6,2052293
thistlethwaite,3x3,5,7136,true,false,5,0,5,2052293
thistlethwaite,3x3,5,8145,true,false,6,1,6,2052293
thistlethwaite,3x3,5,9154,true,false,5,0,5,2052293
thistlethwaite,3x3,5,10163,true,false,7,0,7,2052293
thistlethwaite,3x3,5,11172,true,false,18,0,32,2052293
thistlethwaite,3x3,5,12181,true,false,22,5,762,2052293
thistlethwaite,3x3,5,13190,true,false,6,0,6,2052293
thistlethwaite,3x3,5,14199,true,false,6,0,6,2052293
thistlethwaite,3x3,5,15208,true,false,5,0,5,2052293
thistlethwaite,3x3,5,16217,true,false,23,93,12978,2052293
thistlethwaite,3x3,5,17226,true,false,6,0,6,2052293
thistlethwaite,3x3,5,18235,true,false,6,0,6,2052293
thistlethwaite,3x3,5,19244,true,false,20,2,207,2052293
thistlethwaite,3x3,5,20253,true,false,6,0,6,2052293
thistlethwaite,3x3,5,21262,true,false,21,11,1489,2052293
thistlethwaite,3x3,5,22271,true,false,5,0,5,2052293
thistlethwaite,3x3,5,23280,true,false,6,0,6,2052293
thistlethwaite,3x3,5,24289,true,false,23,249,29981,2052293
thistlethwaite,3x3,5,25298,true,false,16,1,76,2052293
thistlethwaite,3x3,5,26307,true,false,5,0,5,2052293
thistlethwaite,3x3,5,27316,true,false,16,28,4415,2052293
thistlethwaite,3x3,5,28325,true,false,5,0,5,2052293
thistlethwaite,3x3,5,29334,true,false,7,0,7,2052293
thistlethwaite,3x3,8,73,true,false,19,37,4737,2052293
thistlethwaite,3x3,8,1082,true,false,26,1283,128405,2052293
thistlethwaite,3x3,8,2091,true,false,26,613,55972,2052293
thistlethwaite,3x3,8,3100,true,false,14,0,41,2052293
thistlethwaite,3x3,8,4109,true,false,26,140,20997,2052293
thistlethwaite,3x3,8,5118,true,false,8,0,93,2052293
thistlethwaite,3x3,8,6127,true,false,22,8,1401,2052293
thistlethwaite,3x3,8,7136,true,false,24,65,11499,2052293
thistlethwaite,3x3,8,8145,true,false,27,94,15245,2052293
thistlethwaite,3x3,8,9154,true,false,8,0,8,2052293
thistlethwaite,3x3,8,10163,true,false,27,1480,133978,2052293
thistlethwaite,3x3,8,11172,true,false,26,523,54461,2052293
thistlethwaite,3x3,8,12181,true,false,26,543,69869,2052293
thistlethwaite,3x3,8,13190,true,false,21,150,16221,2052293
thistlethwaite,3x3,8,14199,true,false,24,25,2944,2052293
thistlethwaite,3x3,8,15208,true,false,8,1,8,2052293
thistlethwaite,3x3,8,16217,true,false,19,50,6378,2052293
thistlethwaite,3x3,8,17226,true,false,22,152,15048,2052293
thistlethwaite,3x3,8,18235,true,false,22,31,1648,2052293
thistlethwaite,3x3,8,19244,true,false,25,889,72757,2052293
thistlethwaite,3x3,8,20253,true,false,14,15,738,2052293
thistlethwaite,3x3,8,21262,true,false,22,376,36483,2052293
thistlethwaite,3x3,8,22271,true,false,8,0,8,2052293
thistlethwaite,3x3,8,23280,true,false,25,30,4239,2052293
thistlethwaite,3x3,8,24289,true,false,24,47,7678,2052293
thistlethwaite,3x3,8,25298,true,false,26,11,1467,2052293
thistlethwaite,3x3,8,26307,true,false,26,37,6215,2052293
thistlethwaite,3x3,8,27316,true,false,14,0,14,2052293
thistlethwaite,3x3,8,28325,true,false,25,1466,181639,2052293
thistlethwaite,3x3,8,29334,true,false,26,60,8194,2052293
thistlethwaite,3x3,11,104,true,false,27,2721,293793,2052293
thistlethwaite,3x3,11,1113,true,false,26,1228,121652,2052293
thistlethwaite,3x3,11,2122,true,false,27,68,11638,2052293
thistlethwaite,3x3,11,3131,true,false,23,2,505,2052293
thistlethwaite,3x3,11,4140,true,false,28,921,123608,2052293
thistlethwaite,3x3,11,5149,true,false,26,210,42751,2052293
thistlethwaite,3x3,11,6158,true,false,28,141,31491,2052293
thistlethwaite,3x3,11,7167,true,false,28,68,14485,2052293
thistlethwaite,3x3,11,8176,true,false,24,36,8281,2052293
thistlethwaite,3x3,11,9185,true,false,24,255,55693,2052293
thistlethwaite,3x3,11,10194,true,false,25,74,15733,2052293
thistlethwaite,3x3,11,11203,true,false,24,20,3526,2052293
thistlethwaite,3x3,11,12212,true,false,25,37,7277,2052293
thistlethwaite,3x3,11,13221,true,false,26,313,64384,2052293
thistlethwaite,3x3,11,14230,true,false,27,178,34277,2052293
thistlethwaite,3x3,11,15239,true,false,26,97,20397,2052293
thistlethwaite,3x3,11,16248,true,false,25,39,8844,2052293
thistlethwaite,3x3,11,17257,true,false,29,3173,316015,2052293
thistlethwaite,3x3,11,18266,true,false,26,285,29698,2052293
thistlethwaite,3x3,11,19275,true,false,28,722,88978,2052293
thistlethwaite,3x3,11,20284,true,false,27,270,28886,2052293
thistlethwaite,3x3,11,21293,true,false,27,268,32412,2052293
thistlethwaite,3x3,11,22302,true,false,27,820,72423,2052293
thistlethwaite,3x3,11,23311,true,false,25,1542,73819,2052293
thistlethwaite,3x3,11,24320,true,false,27,209,17452,2052293
thistlethwaite,3x3,11,25329,true,false,24,4,337,2052293
thistlethwaite,3x3,11,26338,true,false,26,194,14117,2052293
thistlethwaite,3x3,11,27347,true,false,23,418,22145,2052293
thistlethwaite,3x3,11,28356,true,false,24,48,2201,2052293
thistlethwaite,3x3,11,29365,true,false,18,20,713,2052293
thistlethwaite,3x3,15,104,true,false,25,90,6022,2052293
thistlethwaite,3x3,15,1113,true,false,27,2057,171594,2052293
thistlethwaite,3x3,15,2122,true,false,26,1838,128017,2052293
thistlethwaite,3x3,15,3131,true,false,25,94,5408,2052293
thistlethwaite,3x3,15,4140,true,false,25,6,1079,2052293
thistlethwaite,3x3,15,5149,true,false,24,1514,73434,2052293
thistlethwaite,3x3,15,6158,true,false,26,587,25490,2052293
thistlethwaite,3x3,15,7167,true,false,23,596,27408,2052293
thistlethwaite,3x3,15,8176,true,false,24,68,3712,2052293
thistlethwaite,3x3,15,9185,true,false,24,175,13243,2052293
thistlethwaite,3x3,15,10194,true,false,26,359,29374,2052293
thistlethwaite,3x3,15,11203,true,false,26,703,64043,2052293
thistlethwaite,3x3,15,12212,true,false,28,897,44834,2052293
thistlethwaite,3x3,15,13221,true,false,25,2598,149781,2052293
thistlethwaite,3x3,15,14230,true,false,28,3858,51025,2052293
thistlethwaite,3x3,15,15239,false,true,-1,335285,16713,2052293
thistlethwaite,3x3,15,16248,true,false,25,566,4936,2052293
thistlethwaite,3x3,15,17257,true,false,21,693,12349,2052293
thistlethwaite,3x3,15,18266,true,false,28,323,13725,2052293
thistlethwaite,3x3,15,19275,true,false,23,511,31257,2052293
thistlethwaite,3x3,15,20284,true,false,27,302,24211,2052293
thistlethwaite,3x3,15,21293,true,false,26,1332,152242,2052293
thistlethwaite,3x3,15,22302,true,false,28,1450,203518,2052293
thistlethwaite,3x3,15,23311,true,false,23,3660,251902,2052293
thistlethwaite,3x3,15,24320,true,false,25,28,4758,2052293
thistlethwaite,3x3,15,25329,true,false,27,46,7687,2052293
thistlethwaite,3x3,15,26338,true,false,29,1013,121524,2052293
thistlethwaite,3x3,15,27347,true,false,21,12,2791,2052293
thistlethwaite,3x3,15,28356,false,true,-1,300998,6057,2052293
thistlethwaite,3x3,15,29365,true,false,23,840,108726,2052293
thistlethwaite,3x3,20,104,true,false,28,538,80617,2052293
thistlethwaite,3x3,20,1113,true,false,26,11,2101,2052293
thistlethwaite,3x3,20,2122,true,false,28,318,56861,2052293
thistlethwaite,3x3,20,3131,true,false,26,138,26549,2052293
thistlethwaite,3x3,20,4140,true,false,28,155,24938,2052293
thistlethwaite,3x3,20,5149,true,false,26,194,39674,2052293
thistlethwaite,3x3,20,6158,true,false,26,199,39601,2052293
thistlethwaite,3x3,20,7167,false,true,-1,1383887,200042,2052293
thistlethwaite,3x3,20,8176,true,false,25,47,7218,2052293
thistlethwaite,3x3,20,9185,true,false,25,62,5600,2052293
thistlethwaite,3x3,20,10194,true,false,22,230,20296,2052293
thistlethwaite,3x3,20,11203,true,false,28,1615,122934,2052293
thistlethwaite,3x3,20,12212,true,false,27,386,41172,2052293
thistlethwaite,3x3,20,13221,true,false,25,98,10794,2052293
thistlethwaite,3x3,20,14230,true,false,27,676,42141,2052293
thistlethwaite,3x3,20,15239,true,false,26,279,30854,2052293
thistlethwaite,3x3,20,16248,true,false,26,500,46418,2052293
thistlethwaite,3x3,20,17257,true,false,24,120,17295,2052293
thistlethwaite,3x3,20,18266,true,false,24,974,75500,2052293
thistlethwaite,3x3,20,19275,true,false,23,4,447,2052293
thistlethwaite,3x3,20,20284,true,false,24,7,153,2052293
thistlethwaite,3x3,20,21293,true,false,27,1127,48113,2052293
thistlethwaite,3x3,20,22302,true,false,27,582,58205,2052293
thistlethwaite,3x3,20,23311,true,false,28,1453,229666,2052293
thistlethwaite,3x3,20,24320,true,false,28,303,31102,2052293
thistlethwaite,3x3,20,25329,true,false,27,810,98241,2052293
thistlethwaite,3x3,20,26338,true,false,27,109,15084,2052293
thistlethwaite,3x3,20,27347,true,false,21,19,1871,2052293
thistlethwaite,3x3,20,28356,true,false,23,322,31679,2052293
thistlethwaite,3x3,20,29365,true,false,28,733,95470,2052293
thistlethwaite,3x3,random,228,true,false,26,119,22734,2052293
thistlethwaite,3x3,random,1237,true,false,26,12,2726,2052293
thistlethwaite,3x3,random,2246,true,false,23,462,75123,2052293
thistlethwaite,3x3,random,3255,true,false,26,26,5296,2052293
thistlethwaite,3x3,random,4264,true,false,25,224,41100,2052293
thistlethwaite,3x3,random,5273,true,false,27,69,15198,2052293
thistlethwaite,3x3,random,6282,true,false,27,107,21216,2052293
thistlethwaite,3x3,random,7291,true,false,27,59,11548,2052293
thistlethwaite,3x3,random,8300,true,false,24,12,2962,2052293
thistlethwaite,3x3,random,9309,true,false,26,51,10557,2052293
thistlethwaite,3x3,random,10318,true,false,26,106,19148,2052293
thistlethwaite,3x3,random,11327,true,false,25,381,71096,2052293
thistlethwaite,3x3,random,12336,true,false,24,16,3257,2052293
thistlethwaite,3x3,random,13345,true,false,24,0,43,2052293
thistlethwaite,3x3,random,14354,true,false,25,517,88422,2052293
thistlethwaite,3x3,random,15363,true,false,28,221,32564,2052293
thistlethwaite,3x3,random,16372,true,false,25,77,12195,2052293
thistlethwaite,3x3,random,17381,true,false,27,80,14945,2052293
thistlethwaite,3x3,random,18390,true,false,28,354,46700,2052293
thistlethwaite,3x3,random,19399,true,false,27,205,37463,2052293
thistlethwaite,3x3,random,20408,true,false,26,49,8257,2052293
thistlethwaite,3x3,random,21417,true,false,25,24,4617,2052293
thistlethwaite,3x3,random,22426,true,false,26,141,27881,2052293
thistlethwaite,3x3,random,23435,true,false,25,281,57696,2052293
thistlethwaite,3x3,random,24444,true,false,27,448,75296,2052293
thistlethwaite,3x3,random,25453,true,false,24,29,4786,2052293
thistlethwaite,3x3,random,26462,true,false,27,1005,150492,2052293
thistlethwaite,3x3,random,27471,true,false,29,444,75711,2052293
thistlethwaite,3x3,random,28480,true,false,27,525,94108,2052293
thistlethwaite,3x3,random,29489,true,false,25,23,3207,2052293
beginner,3x3,5,73,true,false,43,809,0,3840
beginner,3x3,5,1082,true,false,10,1,0,3840
beginner,3x3,5,2091,true,false,5,0,0,3840
beginner,3x3,5,3100,true,false,43,186,0,3840
beginner,3x3,5,4109,true,false,31,377,0,3840
beginner,3x3,5,5118,true,false,45,37,0,3840
beginner,3x3,5,6127,true,false,42,28,0,3840
beginner,3x3,5,7136,true,false,22,17,0,3840
beginner,3x3,5,8145,true,false,41,165,0,3840
beginner,3x3,5,9154,true,false,7,4,0,3840
beginner,3x3,5,10163,true,false,39,45,0,3840
beginner,3x3,5,11172,true,false,41,74,0,3840
beginner,3x3,5,12181,true,false,43,41,0,3840
beginner,3x3,5,13190,true,false,6,0,0,3840
beginner,3x3,5,14199,true,false,8,0,0,3840
beginner,3x3,5,15208,true,false,39,12,0,3840
beginner,3x3,5,16217,true,false,13,2,0,3840
beginner,3x3,5,17226,true,false,38,40,0,3840
beginner,3x3,5,18235,true,false,39,32,0,3840
beginner,3x3,5,19244,true,false,42,278,0,3840
beginner,3x3,5,20253,true,false,45,37,0,3840
beginner,3x3,5,21262,true,false,27,75,0,3840
beginner,3x3,5,22271,true,false,9,0,0,3840
beginner,3x3,5,23280,true,false,24,2,0,3840
beginner,3x3,5,24289,true,false,48,519,0,3840
beginner,3x3,5,25298,true,false,35,4,0,3840
beginner,3x3,5,26307,true,false,40,37,0,3840
beginner,3x3,5,27316,true,false,24,84,0,3840
beginner,3x3,5,28325,true,false,43,575,0,3840
beginner,3x3,5,29334,true,false,35,272,0,3840
beginner,3x3,8,73,true,false,49,269,0,3840
beginner,3x3,8,1082,true,false,44,61,0,3840
beginner,3x3,8,2091,true,false,53,454,0,3840
beginner,3x3,8,3100,true,false,49,148,0,3840
beginner,3x3,8,4109,true,false,38,115,0,3840
beginner,3x3,8,5118,true,false,44,44,0,3840
beginner,3x3,8,6127,true,false,48,294,0,3840
beginner,3x3,8,7136,true,false,45,41,0,3840
beginner,3x3,8,8145,true,false,42,246,0,3840
beginner,3x3,8,9154,true,false,42,108,0,3840
beginner,3x3,8,10163,true,false,39,38,0,3840
beginner,3x3,8,11172,true,false,49,70,0,3840
beginner,3x3,8,12181,true,false,44,165,0,3840
beginner,3x3,8,13190,true,false,42,83,0,3840
beginner,3x3,8,14199,true,false,50,33,0,3840
beginner,3x3,8,15208,true,false,49,155,0,3840
beginner,3x3,8,16217,true,false,16,1,0,3840
beginner,3x3,8,17226,true,false,45,26,0,3840
beginner,3x3,8,18235,true,false,48,78,0,3840
beginner,3x3,8,19244,true,false,41,123,0,3840
beginner,3x3,8,20253,true,false,48,151,0,3840
beginner,3x3,8,21262,true,false,37,172,0,3840
beginner,3x3,8,22271,true,false,34,41,0,3840
beginner,3x3,8,23280,true,false,49,752,0,3840
beginner,3x3,8,24289,true,false,51,59,0,3840
beginner,3x3,8,25298,true,false,39,7,0,3840
beginner,3x3,8,26307,true,false,52,304,0,3840
beginner,3x3,8,27316,true,false,22,88,0,3840
beginner,3x3,8,28325,true,false,33,153,0,3840
beginner,3x3,8,29334,true,false,41,122,0,3840
beginner,3x3,11,104,true,false,50,130,0,3840
beginner,3x3,11,1113,true,false,42,1560,0,3840
beginner,3x3,11,2122,true,false,46,399,0,3840
beginner,3x3,11,3131,true,false,49,470,0,3840
beginner,3x3,11,4140,true,false,41,21,0,3840
beginner,3x3,11,5149,true,false,44,102,0,3840
beginner,3x3,11,6158,true,false,47,240,0,3840
beginner,3x3,11,7167,true,false,33,144,0,3840
beginner,3x3,11,8176,true,false,35,181,0,3840
beginner,3x3,11,9185,true,false,47,666,0,3840
beginner,3x3,11,10194,true,false,47,383,0,3840
beginner,3x3,11,11203,true,false,45,71,0,3840
beginner,3x3,11,12212,true,false,42,93,0,3840
beginner,3x3,11,13221,true,false,43,206,0,3840
beginner,3x3,11,14230,true,false,49,375,0,3840
beginner,3x3,11,15239,true,false,51,402,0,3840
beginner,3x3,11,16248,true,false,47,67,0,3840
beginner,3x3,11,17257,true,false,49,73,0,3840
beginner,3x3,11,18266,true,false,51,207,0,3840
beginner,3x3,11,19275,true,false,47,74,0,3840
beginner,3x3,11,20284,true,false,56,642,0,3840
beginner,3x3,11,21293,true,false,40,202,0,3840
beginner,3x3,11,22302,true,false,43,52,0,3840
beginner,3x3,11,23311,true,false,33,29,0,3840
beginner,3x3,11,24320,true,false,46,47,0,3840
beginner,3x3,11,25329,true,false,53,265,0,3840
beginner,3x3,11,26338,true,false,45,39,0,3840
beginner,3x3,11,27347,true,false,44,225,0,3840
beginner,3x3,11,28356,true,false,46,874,0,3840
beginner,3x3,11,29365,true,false,44,45,0,3840
beginner,3x3,15,104,true,false,52,224,0,3840
beginner,3x3,15,1113,true,false,44,198,0,3840
beginner,3x3,15,2122,true,false,43,9,0,3840
beginner,3x3,15,3131,true,false,47,279,0,3840
beginner,3x3,15,4140,true,false,46,182,0,3840
beginner,3x3,15,5149,true,false,47,222,0,3840
beginner,3x3,15,6158,true,false,45,244,0,3840
beginner,3x3,15,7167,true,false,45,949,0,3840
beginner,3x3,15,8176,true,false,38,427,0,3840
beginner,3x3,15,9185,true,false,44,61,0,3840
beginner,3x3,15,10194,true,false,42,823,0,3840
beginner,3x3,15,11203,true,false,51,253,0,3840
beginner,3x3,15,12212,true,false,51,211,0,3840
beginner,3x3,15,13221,true,false,38,42,0,3840
beginner,3x3,15,14230,true,false,42,2,0,3840
beginner,3x3,15,15239,true,false,53,617,0,3840
beginner,3x3,15,16248,true,false,44,23,0,3840
beginner,3x3,15,17257,true,false,46,189,0,3840
beginner,3x3,15,18266,true,false,51,442,0,3840
beginner,3x3,15,19275,true,false,38,55,0,3840
beginner,3x3,15,20284,true,false,49,350,0,3840
beginner,3x3,15,21293,true,false,49,416,0,3840
beginner,3x3,15,22302,true,false,46,132,0,3840
beginner,3x3,15,23311,true,false,48,58,0,3840
beginner,3x3,15,24320,true,false,44,244,0,3840
beginner,3x3,15,25329,true,false,46,81,0,3840
beginner,3x3,15,26338,true,false,52,558,0,3840
beginner,3x3,15,27347,true,false,45,394,0,3840
beginner,3x3,15,28356,true,false,37,68,0,3840
beginner,3x3,15,29365,true,false,47,278,0,3840
beginner,3x3,20,104,true,false,46,99,0,3840
beginner,3x3,20,1113,true,false,51,331,0,3840
beginner,3x3,20,2122,true,false,44,89,0,3840
beginner,3x3,20,3131,true,false,47,63,0,3840
beginner,3x3,20,4140,true,false,46,232,0,3840
beginner,3x3,20,5149,true,false,47,232,0,3840
beginner,3x3,20,6158,true,false,50,151,0,3840
beginner,3x3,20,7167,true,false,48,624,0,3840
beginner,3x3,20,8176,true,false,47,460,0,3840
beginner,3x3,20,9185,true,false,51,727,0,3840
beginner,3x3,20,10194,true,false,44,25,0,3840
beginner,3x3,20,11203,true,false,38,6,0,3840
beginner,3x3,20,12212,true,false,45,191,0,3840
beginner,3x3,20,13221,true,false,48,326,0,3840
beginner,3x3,20,14230,true,false,46,38,0,3840
beginner,3x3,20,15239,true,false,46,436,0,3840
beginner,3x3,20,16248,true,false,46,79,0,3840
beginner,3x3,20,17257,true,false,38,22,0,3840
beginner,3x3,20,18266,true,false,45,192,0,3840
beginner,3x3,20,19275,true,false,41,830,0,3840
beginner,3x3,20,20284,true,false,44,35,0,3840
beginner,3x3,20,21293,true,false,47,189,0,3840
beginner,3x3,20,22302,true,false,46,197,0,3840
beginner,3x3,20,23311,true,false,42,55,0,3840
beginner,3x3,20,24320,true,false,44,303,0,3840
beginner,3x3,20,25329,true,false,48,242,0,3840
beginner,3x3,20,26338,true,false,45,769,0,3840
beginner,3x3,20,27347,true,false,54,732,0,3840
beginner,3x3,20,28356,true,false,33,8,0,3840
beginner,3x3,20,29365,true,false,51,467,0,3840
beginner,3x3,random,228,true,false,44,53,0,3840
beginner,3x3,random,1237,true,false,47,27,0,3840
beginner,3x3,random,2246,true,false,45,81,0,3840
beginner,3x3,random,3255,true,false,46,90,0,3840
beginner,3x3,random,4264,true,false,47,188,0,3840
beginner,3x3,random,5273,true,false,51,996,0,3840
beginner,3x3,random,6282,true,false,42,145,0,3840
beginner,3x3,random,7291,true,false,49,187,0,3840
beginner,3x3,random,8300,true,false,47,229,0,3840
beginner,3x3,random,9309,true,false,45,246,0,3840
beginner,3x3,random,10318,true,false,57,1235,0,3840
beginner,3x3,random,11327,true,false,52,261,0,3840
beginner,3x3,random,12336,true,false,45,308,0,3840
beginner,3x3,random,13345,true,false,48,251,0,3840
beginner,3x3,random,14354,true,false,52,1149,0,3840
beginner,3x3,random,15363,true,false,41,137,0,3840
beginner,3x3,random,16372,true,false,49,95,0,3840
beginner,3x3,random,17381,true,false,40,115,0,3840
beginner,3x3,random,18390,true,false,47,469,0,3840
beginner,3x3,random,19399,true,false,47,184,0,3840
beginner,3x3,random,20408,true,false,39,89,0,3840
beginner,3x3,random,21417,true,false,51,41,0,3840
beginner,3x3,random,22426,true,false,44,202,0,3840
beginner,3x3,random,23435,true,false,54,916,0,3840
beginner,3x3,random,24444,true,false,44,29,0,3840
beginner,3x3,random,25453,true,false,51,517,0,3840
beginner,3x3,random,26462,true,false,49,290,0,3840
beginner,3x3,random,27471,true,false,45,64,0,3840
beginner,3x3,random,28480,true,false,43,7,0,3840
beginner,3x3,random,29489,true,false,50,184,0,3840
ida-pdb,3x3,5,73,true,false,5,22,5,40
ida-pdb,3x3,5,1082,true,false,5,70,31,40
ida-pdb,3x3,5,2091,true,false,5,4,5,40
ida-pdb,3x3,5,3100,true,false,5,4,5,40
ida-pdb,3x3,5,4109,true,false,5,26,16,40
ida-pdb,3x3,5,5118,true,false,5,52,44,40
ida-pdb,3x3,5,6127,true,false,5,26,17,40
ida-pdb,3x3,5,7136,true,false,5,6,5,40
ida-pdb,3x3,5,8145,true,false,5,2,5,40
ida-pdb,3x3,5,9154,true,false,5,33,31,40
ida-pdb,3x3,5,10163,true,false,5,7,5,40
ida-pdb,3x3,5,11172,true,false,5,6,5,40
ida-pdb,3x3,5,12181,true,false,5,13,9,40
ida-pdb,3x3,5,13190,true,false,5,18,19,40
ida-pdb,3x3,5,14199,true,false,5,10,8,40
ida-pdb,3x3,5,15208,true,false,5,56,92,40
ida-pdb,3x3,5,16217,true,false,5,6,5,40
ida-pdb,3x3,5,17226,true,false,5,2,8,40
ida-pdb,3x3,5,18235,true,false,5,5,7,40
ida-pdb,3x3,5,19244,true,false,5,2,5,40
ida-pdb,3x3,5,20253,true,false,5,58,107,40
ida-pdb,3x3,5,21262,true,false,5,12,15,40
ida-pdb,3x3,5,22271,true,false,5,5,25,40
ida-pdb,3x3,5,23280,true,false,5,20,29,40
ida-pdb,3x3,5,24289,true,false,5,3,5,40
ida-pdb,3x3,5,25298,true,false,5,3,7,40
ida-pdb,3x3,5,26307,true,false,5,3,10,40
ida-pdb,3x3,5,27316,true,false,5,15,38,40
ida-pdb,3x3,5,28325,true,false,5,4,9,40
ida-pdb,3x3,5,29334,true,false,5,0,5,40
ida-pdb,3x3,8,73,true,false,8,16,39,64
ida-pdb,3x3,8,1082,true,false,8,244,667,64
ida-pdb,3x3,8,2091,true,false,8,18,53,64
ida-pdb,3x3,8,3100,true,false,8,658,6229,64
ida-pdb,3x3,8,4109,true,false,8,59,60,64
ida-pdb,3x3,8,5118,true,false,8,1753,33147,64
ida-pdb,3x3,8,6127,true,false,8,16,115,64
ida-pdb,3x3,8,7136,true,false,8,22,121,64
ida-pdb,3x3,8,8145,true,false,8,15,82,64
ida-pdb,3x3,8,9154,true,false,8,3,74,64
ida-pdb,3x3,8,10163,true,false,8,12,235,64
ida-pdb,3x3,8,11172,true,false,8,26,101,64
ida-pdb,3x3,8,12181,true,false,8,20,176,64
ida-pdb,3x3,8,13190,true,false,8,3,98,64
ida-pdb,3x3,8,14199,true,false,8,2,27,64
ida-pdb,3x3,8,15208,true,false,8,30,1031,64
ida-pdb,3x3,8,16217,true,false,8,3,20,64
ida-pdb,3x3,8,17226,true,false,8,23,626,64
ida-pdb,3x3,8,18235,true,false,8,43,440,64
ida-pdb,3x3,8,19244,true,false,8,195,579,64
ida-pdb,3x3,8,20253,true,false,8,233,7208,64
ida-pdb,3x3,8,21262,true,false,8,6,146,64
ida-pdb,3x3,8,22271,true,false,8,4,164,64
ida-pdb,3x3,8,23280,true,false,8,20,502,64
ida-pdb,3x3,8,24289,true,false,8,3,84,64
ida-pdb,3x3,8,25298,true,false,8,41,1360,64
ida-pdb,3x3,8,26307,true,false,8,33,2128,64
ida-pdb,3x3,8,27316,true,false,6,2,157,48
ida-pdb,3x3,8,28325,true,false,8,1,55,64
ida-pdb,3x3,8,29334,true,false,8,5,239,64
bibfs-2x2,2x2,5,73,true,false,5,13,346,13920
bibfs-2x2,2x2,5,1082,true,false,5,1,164,6640
bibfs-2x2,2x2,5,2091,true,false,5,1,305,12280
bibfs-2x2,2x2,5,3100,true,false,5,0,220,8880
bibfs-2x2,2x2,5,4109,true,false,5,1,247,9960
bibfs-2x2,2x2,5,5118,true,false,5,1,306,12320
bibfs-2x2,2x2,5,6127,true,false,5,0,226,9120
bibfs-2x2,2x2,5,7136,true,false,5,1,186,7520
bibfs-2x2,2x2,5,8145,true,false,5,1,216,8720
bibfs-2x2,2x2,5,9154,true,false,5,0,185,7480
bibfs-2x2,2x2,5,10163,true,false,5,1,380,15280
bibfs-2x2,2x2,5,11172,true,false,4,1,88,3600
bibfs-2x2,2x2,5,12181,true,false,5,0,127,5160
bibfs-2x2,2x2,5,13190,true,false,5,6,374,15040
bibfs-2x2,2x2,5,14199,true,false,5,1,237,9560
bibfs-2x2,2x2,5,15208,true,false,5,1,412,16560
bibfs-2x2,2x2,5,16217,true,false,5,0,152,6160
bibfs-2x2,2x2,5,17226,true,false,5,0,154,6240
bibfs-2x2,2x2,5,18235,true,false,5,0,203,8200
bibfs-2x2,2x2,5,19244,true,false,5,0,200,8080
bibfs-2x2,2x2,5,20253,true,false,5,0,373,15000
bibfs-2x2,2x2,5,21262,true,false,4,0,119,4840
bibfs-2x2,2x2,5,22271,true,false,5,1,261,10520
bibfs-2x2,2x2,5,23280,true,false,5,0,322,12960
bibfs-2x2,2x2,5,24289,true,false,5,0,286,11520
bibfs-2x2,2x2,5,25298,true,false,5,1,397,15960
bibfs-2x2,2x2,5,26307,true,false,5,1,425,17080
bibfs-2x2,2x2,5,27316,true,false,5,0,398,16000
bibfs-2x2,2x2,5,28325,true,false,5,0,319,12840
bibfs-2x2,2x2,5,29334,true,false,5,0,306,12320
bibfs-2x2,2x2,8,73,true,false,7,1,2013,80600
bibfs-2x2,2x2,8,1082,true,false,8,3,3496,139920
bibfs-2x2,2x2,8,2091,true,false,8,3,2676,107120
bibfs-2x2,2x2,8,3100,true,false,8,4,4087,163560
bibfs-2x2,2x2,8,4109,true,false,7,2,1766,70720
bibfs-2x2,2x2,8,5118,true,false,8,3,3503,140200
bibfs-2x2,2x2,8,6127,true,false,5,0,156,6320
bibfs-2x2,2x2,8,7136,true,false,8,3,3722,148960
bibfs-2x2,2x2,8,8145,true,false,8,6,4050,162080
bibfs-2x2,2x2,8,9154,true,false,6,0,672,26960
bibfs-2x2,2x2,8,10163,true,false,8,4,3574,143040
bibfs-2x2,2x2,8,11172,true,false,4,0,88,3600
bibfs-2x2,2x2,8,12181,true,false,8,4,4176,167120
bibfs-2x2,2x2,8,13190,true,false,8,2,2793,111800
bibfs-2x2,2x2,8,14199,true,false,8,3,3285,131480
bibfs-2x2,2x2,8,15208,true,false,8,4,3503,140200
bibfs-2x2,2x2,8,16217,true,false,7,1,1634,65440
bibfs-2x2,2x2,8,17226,true,false,8,10,3387,135560
bibfs-2x2,2x2,8,18235,true,false,8,3,3067,122760
bibfs-2x2,2x2,8,19244,true,false,8,2,3046,121920
bibfs-2x2,2x2,8,20253,true,false,8,12,2904,116240
bibfs-2x2,2x2,8,21262,true,false,7,2,2442,97760
bibfs-2x2,2x2,8,22271,true,false,8,2,4016,160720
bibfs-2x2,2x2,8,23280,true,false,7,2,2606,104320
bibfs-2x2,2x2,8,24289,true,false,8,2,3708,148400
bibfs-2x2,2x2,8,25298,true,false,7,1,1667,66760
bibfs-2x2,2x2,8,26307,true,false,8,3,3188,127600
bibfs-2x2,2x2,8,27316,true,false,6,1,726,29120
bibfs-2x2,2x2,8,28325,true,false,7,1,1650,66080
bibfs-2x2,2x2,8,29334,true,false,8,2,2755,110280
bibfs-2x2,2x2,11,104,true,false,9,5,7140,285680
bibfs-2x2,2x2,11,1113,true,false,9,21,12685,507480
bibfs-2x2,2x2,11,2122,true,false,7,1,1358,54400
bibfs-2x2,2x2,11,3131,true,false,7,1,1612,64560
bibfs-2x2,2x2,11,4140,true,false,9,3,4948,198000
bibfs-2x2,2x2,11,5149,true,false,9,4,6608,264400
bibfs-2x2,2x2,11,6158,true,false,9,15,11022,440960
bibfs-2x2,2x2,11,7167,true,false,8,3,2686,107520
bibfs-2x2,2x2,11,8176,true,false,6,1,705,28280
bibfs-2x2,2x2,11,9185,true,false,8,1,3118,124800
bibfs-2x2,2x2,11,10194,true,false,9,2,4941,197720
bibfs-2x2,2x2,11,11203,true,false,9,13,7924,317040
bibfs-2x2,2x2,11,12212,true,false,9,16,10081,403320
bibfs-2x2,2x2,11,13221,true,false,8,2,4357,174360
bibfs-2x2,2x2,11,14230,true,false,6,1,534,21440
bibfs-2x2,2x2,11,15239,true,false,9,3,5168,206800
bibfs-2x2,2x2,11,16248,true,false,10,31,15017,600760
bibfs-2x2,2x2,11,17257,true,false,7,1,2141,85720
bibfs-2x2,2x2,11,18266,true,false,10,19,14708,588400
bibfs-2x2,2x2,11,19275,true,false,9,3,5614,224640
bibfs-2x2,2x2,11,20284,true,false,10,16,14496,579920
bibfs-2x2,2x2,11,21293,true,false,7,1,1588,63600
bibfs-2x2,2x2,11,22302,true,false,9,17,10787,431560
bibfs-2x2,2x2,11,23311,true,false,7,2,2370,94880
bibfs-2x2,2x2,11,24320,true,false,8,2,3156,126320
bibfs-2x2,2x2,11,25329,true,false,8,12,3196,127920
bibfs-2x2,2x2,11,26338,true,false,9,20,10981,439320
bibfs-2x2,2x2,11,27347,true,false,9,3,4766,190720
bibfs-2x2,2x2,11,28356,true,false,6,1,592,23760
bibfs-2x2,2x2,11,29365,true,false,9,6,7523,301000
bibfs-2x2,2x2,15,104,true,false,10,20,14652,586160
bibfs-2x2,2x2,15,1113,true,false,9,3,5565,222680
bibfs-2x2,2x2,15,2122,true,false,8,1,3204,128240
bibfs-2x2,2x2,15,3131,true,false,9,8,6736,269520
bibfs-2x2,2x2,15,4140,true,false,10,16,17519,700840
bibfs-2x2,2x2,15,5149,true,false,10,31,15265,610680
bibfs-2x2,2x2,15,6158,true,false,8,3,3042,121760
bibfs-2x2,2x2,15,7167,true,false,9,4,5793,231800
bibfs-2x2,2x2,15,8176,true,false,9,19,8774,351040
bibfs-2x2,2x2,15,9185,true,false,9,5,6626,265120
bibfs-2x2,2x2,15,10194,true,false,10,24,15712,628560
bibfs-2x2,2x2,15,11203,true,false,10,14,14598,584000
bibfs-2x2,2x2,15,12212,true,false,8,3,3419,136840
bibfs-2x2,2x2,15,13221,true,false,9,8,7956,318320
bibfs-2x2,2x2,15,14230,true,false,9,11,9085,363480
bibfs-2x2,2x2,15,15239,true,false,9,5,7204,288240
bibfs-2x2,2x2,15,16248,true,false,9,17,9757,390360
bibfs-2x2,2x2,15,17257,true,false,7,1,1290,51680
bibfs-2x2,2x2,15,18266,true,false,8,13,4130,165280
bibfs-2x2,2x2,15,19275,true,false,9,4,5420,216880
bibfs-2x2,2x2,15,20284,true,false,10,26,14816,592720
bibfs-2x2,2x2,15,21293,true,false,7,0,826,33120
bibfs-2x2,2x2,15,22302,true,false,9,6,8207,328360
bibfs-2x2,2x2,15,23311,true,false,7,1,1555,62280
bibfs-2x2,2x2,15,24320,true,false,10,20,14477,579160
bibfs-2x2,2x2,15,25329,true,false,9,5,6005,240280
bibfs-2x2,2x2,15,26338,true,false,7,1,2181,87320
bibfs-2x2,2x2,15,27347,true,false,9,29,11378,455200
bibfs-2x2,2x2,15,28356,true,false,9,6,7712,308560
bibfs-2x2,2x2,15,29365,true,false,10,40,15268,610800
bibfs-2x2,2x2,20,104,true,false,10,40,16849,674040
bibfs-2x2,2x2,20,1113,true,false,9,25,5616,224720
bibfs-2x2,2x2,20,2122,true,false,6,0,690,27680
bibfs-2x2,2x2,20,3131,true,false,7,1,1015,40680
bibfs-2x2,2x2,20,4140,true,false,8,2,3205,128280
bibfs-2x2,2x2,20,5149,true,false,9,6,7187,287560
bibfs-2x2,2x2,20,6158,true,false,10,24,14631,585320
bibfs-2x2,2x2,20,7167,true,false,9,4,4753,190200
bibfs-2x2,2x2,20,8176,true,false,10,80,15358,614400
bibfs-2x2,2x2,20,9185,true,false,10,14,15329,613240
bibfs-2x2,2x2,20,10194,true,false,9,32,12601,504120
bibfs-2x2,2x2,20,11203,true,false,9,20,7304,292240
bibfs-2x2,2x2,20,12212,true,false,7,1,1092,43760
bibfs-2x2,2x2,20,13221,true,false,8,2,4239,169640
bibfs-2x2,2x2,20,14230,true,false,10,15,15055,602280
bibfs-2x2,2x2,20,15239,true,false,9,8,9858,394400
bibfs-2x2,2x2,20,16248,true,false,10,13,15929,637240
bibfs-2x2,2x2,20,17257,true,false,7,1,923,37000
bibfs-2x2,2x2,20,18266,true,false,7,1,1712,68560
bibfs-2x2,2x2,20,19275,true,false,8,2,2802,112160
bibfs-2x2,2x2,20,20284,true,false,9,4,5257,210360
bibfs-2x2,2x2,20,21293,true,false,8,3,2754,110240
bibfs-2x2,2x2,20,22302,true,false,9,7,9964,398640
bibfs-2x2,2x2,20,23311,true,false,9,10,11878,475200
bibfs-2x2,2x2,20,24320,true,false,8,3,3417,136760
bibfs-2x2,2x2,20,25329,true,false,9,10,11581,463320
bibfs-2x2,2x2,20,26338,true,false,9,6,7337,293560
bibfs-2x2,2x2,20,27347,true,false,10,18,16009,640440
bibfs-2x2,2x2,20,28356,true,false,9,8,12057,482360
bibfs-2x2,2x2,20,29365,true,false,10,97,14996,599920
bibfs-2x2,2x2,random,228,true,false,10,103,16030,641280
bibfs-2x2,2x2,random,1237,true,false,9,9,6328,253200
bibfs-2x2,2x2,random,2246,true,false,10,23,16567,662760
bibfs-2x2,2x2,random,3255,true,false,9,10,12117,484760
bibfs-2x2,2x2,random,4264,true,false,8,7,3070,122880
bibfs-2x2,2x2,random,5273,true,false,8,3,3701,148120
bibfs-2x2,2x2,random,6282,true,false,9,6,10016,400720
bibfs-2x2,2x2,random,7291,true,false,6,1,706,28320
bibfs-2x2,2x2,random,8300,true,false,9,5,8123,325000
bibfs-2x2,2x2,random,9309,true,false,10,36,15868,634800
bibfs-2x2,2x2,random,10318,true,false,9,13,7088,283600
bibfs-2x2,2x2,random,11327,true,false,10,39,23689,947640
bibfs-2x2,2x2,random,12336,true,false,9,4,4767,190760
bibfs-2x2,2x2,random,13345,true,false,10,19,15032,601360
bibfs-2x2,2x2,random,14354,true,false,8,9,3935,157480
bibfs-2x2,2x2,random,15363,true,false,9,21,13678,547200
bibfs-2x2,2x2,random,16372,true,false,9,9,10996,439920
bibfs-2x2,2x2,random,17381,true,false,9,40,7817,312760
bibfs-2x2,2x2,random,18390,true,false,9,5,8035,321480
bibfs-2x2,2x2,random,19399,true,false,8,4,4291,171720
bibfs-2x2,2x2,random,20408,true,false,9,7,6424,257040
bibfs-2x2,2x2,random,21417,true,false,6,1,467,18760
bibfs-2x2,2x2,random,22426,true,false,8,9,2808,112400
bibfs-2x2,2x2,random,23435,true,false,9,10,6945,277880
bibfs-2x2,2x2,random,24444,true,false,9,5,7376,295120
bibfs-2x2,2x2,random,25453,true,false,9,8,10380,415280
bibfs-2x2,2x2,random,26462,true,false,9,10,8864,354640
bibfs-2x2,2x2,random,27471,true,false,8,2,2708,108400
bibfs-2x2,2x2,random,28480,true,false,7,1,1112,44560
bibfs-2x2,2x2,random,29489,true,false,9,15,9410,376480
bfs-2x2,2x2,5,73,true,false,5,17,9156,366280
bfs-2x2,2x2,5,1082,true,false,5,3,3508,140360
bfs-2x2,2x2,5,2091,true,false,5,14,7932,317320
bfs-2x2,2x2,5,3100,true,false,5,5,5264,210600
bfs-2x2,2x2,5,4109,true,false,5,13,6100,244040
bfs-2x2,2x2,5,5118,true,false,5,9,7962,318520
bfs-2x2,2x2,5,6127,true,false,5,30,5434,217400
bfs-2x2,2x2,5,7136,true,false,5,26,4188,167560
bfs-2x2,2x2,5,8145,true,false,5,17,5136,205480
bfs-2x2,2x2,5,9154,true,false,5,10,4172,166920
bfs-2x2,2x2,5,10163,true,false,5,15,10243,409760
bfs-2x2,2x2,5,11172,true,false,4,1,1892,75720
bfs-2x2,2x2,5,12181,true,false,5,15,2248,89960
bfs-2x2,2x2,5,13190,true,false,5,162,10034,401400
bfs-2x2,2x2,5,14199,true,false,5,95,5775,231040
bfs-2x2,2x2,5,15208,true,false,5,258,11202,448120
bfs-2x2,2x2,5,16217,true,false,5,69,3106,124280
bfs-2x2,2x2,5,17226,true,false,5,38,3181,127280
bfs-2x2,2x2,5,18235,true,false,5,65,4742,189720
bfs-2x2,2x2,5,19244,true,false,5,52,4623,184960
bfs-2x2,2x2,5,20253,true,false,5,125,9985,399440
bfs-2x2,2x2,5,21262,true,false,4,9,1350,54040
bfs-2x2,2x2,5,22271,true,false,5,70,6549,262000
bfs-2x2,2x2,5,23280,true,false,5,87,8455,338240
bfs-2x2,2x2,5,24289,true,false,5,68,7358,294360
bfs-2x2,2x2,5,25298,true,false,5,231,10756,430280
bfs-2x2,2x2,5,26307,true,false,5,10,11589,463600
bfs-2x2,2x2,5,27316,true,false,5,10,10798,431960
bfs-2x2,2x2,5,28325,true,false,5,12,8350,334040
bfs-2x2,2x2,5,29334,true,false,5,5,7972,318920
bfs-2x2,2x2,8,73,true,false,7,1562,221137,8845520
bfs-2x2,2x2,8,1082,false,true,-1,10039,732652,29306120
bfs-2x2,2x2,8,2091,true,false,8,2181,320009,12800400
bfs-2x2,2x2,8,3100,true,false,8,3837,558352,22334120
bfs-2x2,2x2,8,4109,true,false,7,5847,193370,7734840
bfs-2x2,2x2,8,5118,true,false,8,4566,339320,13572840
bfs-2x2,2x2,8,6127,true,false,5,3,3222,128920
bfs-2x2,2x2,8,7136,true,false,8,1520,396976,15879080
bfs-2x2,2x2,8,8145,true,false,8,3590,987557,39502320
bfs-2x2,2x2,8,9154,true,false,6,30,18378,735160
bfs-2x2,2x2,8,10163,false,true,-1,10014,888901,35556080
bfs-2x2,2x2,8,11172,true,false,4,66,1450,58040
bfs-2x2,2x2,8,12181,true,false,8,3642,331778,13271160
bfs-2x2,2x2,8,13190,true,false,8,3077,459954,18398200
bfs-2x2,2x2,8,14199,true,false,8,2656,678136,27125480
bfs-2x2,2x2,8,15208,true,false,8,2288,526597,21063920
bfs-2x2,2x2,8,16217,true,false,7,508,176096,7043880
bfs-2x2,2x2,8,17226,true,false,8,2848,663540,26541640
bfs-2x2,2x2,8,18235,true,false,8,4321,889249,35570000
bfs-2x2,2x2,8,19244,true,false,8,4810,1006637,40265520
bfs-2x2,2x2,8,20253,true,false,8,1534,629579,25183200
bfs-2x2,2x2,8,21262,true,false,7,721,273052,10922120
bfs-2x2,2x2,8,22271,true,false,8,3208,975445,39017840
bfs-2x2,2x2,8,23280,true,false,7,622,289347,11573920
bfs-2x2,2x2,8,24289,false,true,-1,10055,1048577,41943120
bfs-2x2,2x2,8,25298,true,false,7,390,180739,7229600
bfs-2x2,2x2,8,26307,true,false,8,784,372314,14892600
bfs-2x2,2x2,8,27316,true,false,6,52,45750,1830040
bfs-2x2,2x2,8,28325,true,false,7,197,178210,7128440
bfs-2x2,2x2,8,29334,true,false,8,1227,500416,20016680
